TICKER,TICKER_EXCHANGE,COMMONNAME,CUSIP,PERMNO,BEGIN_DATE,END_DATE,EXCHANGE
AAL,AAL-NAS,AMERICAN AIRLINES GROUP INC,02376R10,21020.0,2013-09-12,2020-12-31,NAS
AAP,AAP-NYS,ADVANCE AUTO PARTS INC,00751Y10,89217.0,2001-11-29,2020-12-31,NYS
AAPL,AAPL-NAS,APPLE INC,3783310,14593.0,2007-11-01,2020-12-31,NAS
ABBV,ABBV-NYS,ABBVIE INC,00287Y10,13721.0,2013-02-01,2020-12-31,NYS
ABC,ABC-NYS,AMERISOURCEBERGEN CORP,3.07E+13,81540.0,2001-08-30,2020-12-31,NYS
ABMD,ABMD-NAS,ABIOMED INC,365410,75107.0,1992-08-31,2020-12-31,NAS
ABT,ABT-NYS,ABBOTT LABORATORIES,282410,20482.0,1972-01-21,2020-12-31,NYS
ACN,ACN-NYS,ACCENTURE PLC IRELAND,G1151C10,89071.0,2009-01-09,2020-12-31,NYS
ADBE,ADBE-NAS,ADOBE INC,00724F10,75510.0,2018-09-10,2020-12-31,NAS
ADI,ADI-NAS,ANALOG DEVICES INC,3265410,60871.0,2012-02-04,2020-12-31,NAS
ADM,ADM-NYS,ARCHER DANIELS MIDLAND CO,3948310,10516.0,1972-01-21,2020-12-31,NYS
ADP,ADP-NAS,AUTOMATIC DATA PROCESSING INC,5301510,44644.0,2008-10-21,2020-12-31,NAS
ADSK,ADSK-NAS,AUTODESK INC,5276910,85631.0,1996-01-05,2020-12-31,NAS
AEE,AEE-NYS,AMEREN CORP,2360810,24985.0,1998-02-01,2020-12-31,NYS
AEP,,,,,,,
AES,AES-NYS,A E S CORP,00130H10,76712.0,1996-10-16,2020-12-31,NYS
AFL,AFL-NYS,AFLAC INC,105510,57904.0,1992-02-01,2020-12-31,NYS
AIG,AIG-NYS,AMERICAN INTERNATIONAL GROUP IN,2687478,66800.0,2009-01-07,2020-12-31,NYS
AIZ,AIZ-NYS,ASSURANT INC,04621X10,90038.0,2004-05-02,2020-12-31,NYS
AJG,AJG-NYS,GALLAGHER ARTHUR J & CO,36357610,38093.0,1987-01-12,2020-12-31,NYS
AKAM,AKAM-NAS,AKAMAI TECHNOLOGIES INC,00971T10,87299.0,1999-10-29,2020-12-31,NAS
ALB,ALB-NYS,ALBEMARLE CORP,1265310,80191.0,1994-11-03,2020-12-31,NYS
ALGN,ALGN-NAS,ALIGN TECHNOLOGY INC,1625510,88860.0,2001-01-26,2020-12-31,NAS
ALK,ALK-NYS,ALASKA AIRGROUP INC,1165910,28804.0,1985-05-23,2020-12-31,NYS
ALL,ALL-NYS,ALLSTATE CORP,2000210,79323.0,1993-03-06,2020-12-31,NYS
ALLE,ALLE-NYS,ALLEGION PLC,G0176J10,14297.0,2013-02-12,2020-12-31,NYS
AMAT,AMAT-NAS,APPLIED MATERIALS INC,3822210,14702.0,1972-12-14,2020-12-31,NAS
AMCR,,,,,,,
AMD,AMD-NAS,ADVANCED MICRO DEVICES INC,790310,61241.0,2015-02-01,2020-12-31,NAS
AME,AME-NYS,AMETEK INC NEW,3110010,85257.0,1997-08-08,2020-12-31,NYS
AMGN,AMGN-NAS,AMGEN INC,3116210,14008.0,1983-06-22,2020-12-31,NAS
AMP,AMP-NYS,AMERIPRISE FINANCIAL INC,03076C10,90880.0,2005-03-10,2020-12-31,NYS
AMT,AMT-NYS,AMERICAN TOWER CORP NEW,03027X10,86111.0,2012-03-01,2020-12-31,NYS
AMZN,AMZN-NAS,AMAZON COM INC,2313510,84788.0,1997-05-15,2020-12-31,NAS
ANET,ANET-NYS,ARISTA NETWORKS INC,4041310,14714.0,2014-06-06,2020-12-31,NYS
ANSS,ANSS-NAS,ANSYS INC,03662Q10,83621.0,1996-06-20,2020-12-31,NAS
ANTM,ANTM-NYS,ANTHEM INC,3675210,89179.0,2014-03-12,2020-12-31,NYS
AON,AON-NYS,AON PLC,G0403H10,61735.0,2012-02-04,2020-03-31,NYS
AOS,AOS-NYS,SMITH A O CORP,83186520,65402.0,1995-04-17,2020-12-31,NYS
APA,,,,,,,
APD,APD-NYS,AIR PRODUCTS & CHEMICALS INC,915810,28222.0,1972-01-21,2020-12-31,NYS
APH,APH-NYS,AMPHENOL CORP NEW,3209510,84769.0,1997-05-20,2020-12-31,NYS
APTV,APTV-NYS,APTIV PLC,G6095L10,13103.0,2017-05-12,2020-12-31,NYS
ARE,ARE-NYS,ALEXANDRIA REAL EST EQUITIES IN,1527110,84767.0,1997-05-28,2020-12-31,NYS
ATO,ATO-NYS,ATMOS ENERGY CORP,4956010,32986.0,1988-04-10,2020-12-31,NYS
ATVI,ATVI-NAS,ACTIVISION BLIZZARD INC,00507V10,79678.0,2008-10-07,2020-12-31,NAS
AVB,AVB-NYS,AVALONBAY COMMUNITIES INC,5348410,80381.0,1998-05-10,2020-12-31,NYS
AVGO,AVGO-NAS,BROADCOM INC,11135F10,93002.0,2018-05-04,2020-12-31,NAS
AVY,AVY-NYS,AVERY DENNISON CORP,5361110,44601.0,1990-10-15,2020-12-31,NYS
AWK,AWK-NYS,AMERICAN WATER WORKS CO INC,3042010,92614.0,2008-04-23,2020-12-31,NYS
AXP,AXP-NYS,AMERICAN EXPRESS CO,2581610,59176.0,1977-05-18,2020-12-31,NYS
AZO,AZO-NYS,AUTOZONE INC,5333210,76605.0,1991-02-04,2020-12-31,NYS
BA,BA-NYS,BOEING CO,9702310,19561.0,1972-01-21,2020-12-31,NYS
BAC,BAC-NYS,BANK OF AMERICA CORP,6050510,59408.0,1999-04-29,2020-12-31,NYS
BAX,BAX-NYS,BAXTER INTERNATIONAL INC,7181310,27887.0,1988-05-18,2020-12-31,NYS
BBWI,,,,,,,
BBY,BBY-NYS,BEST BUY COMPANY INC,8651610,85914.0,1987-07-20,2020-12-31,NYS
BDX,BDX-NYS,BECTON DICKINSON & CO,7588710,39642.0,1972-01-21,2020-12-31,NYS
BEN,BEN-NYS,FRANKLIN RESOURCES INC,35461310,37584.0,1986-05-12,2020-12-31,NYS
BF/B,,,,,,,
BIIB,BIIB-NAS,BIOGEN INC,09062X10,76841.0,2015-03-24,2020-12-31,NAS
BIO,BIO.B-NYS,BIO RAD LABORATORIES INC,9057210,61508.0,2008-10-24,2020-12-31,NYS
BIO,BIO-NYS,BIO RAD LABORATORIES INC,9057220,61516.0,2008-10-24,2020-12-31,NYS
BK,BK-NYS,BANK OF NEW YORK MELLON CORP,6405810,49656.0,2007-02-07,2020-12-31,NYS
BKNG,BKNG-NAS,BOOKING HOLDINGS INC,09857L10,86783.0,2018-02-27,2020-12-31,NAS
BKR,BHGE-NYS,BAKER HUGHES CO,05722G10,75034.0,2019-10-18,2020-12-31,NYS
BLK,BLK-NYS,BLACKROCK INC,09247X10,87267.0,1999-01-10,2020-12-31,NYS
BLL,BLL-NYS,BALL CORP,5849810,57568.0,1973-12-17,2020-12-31,NYS
BMY,BMY-NYS,BRISTOL MYERS SQUIBB CO,11012210,19393.0,1989-04-10,2020-12-31,NYS
BR,BR-NYS,BROADRIDGE FINANCIAL SOLUTNS IN,11133T10,91849.0,2007-02-04,2020-12-31,NYS
BRK/B,,,,,,,
BRO,BRO-NYS,BROWN & BROWN INC,11523610,63467.0,1999-04-29,2020-12-31,NYS
BSX,BSX-NYS,BOSTON SCIENTIFIC CORP,10113710,77605.0,1992-05-19,2020-12-31,NYS
BWA,BWA-NYS,BORGWARNER INC,9972410,79545.0,2000-05-22,2020-12-31,NYS
BXP,BXP-NYS,BOSTON PROPERTIES INC,10112110,85058.0,1997-06-18,2020-12-31,NYS
C,C-NYS,CITIGROUP INC,17296742,70519.0,2011-09-05,2020-12-31,NYS
CAG,CAG-NYS,CONAGRA BRANDS INC,20588710,56274.0,2016-10-11,2020-12-31,NYS
CAH,CAH-NYS,CARDINAL HEALTH INC,14149Y10,21371.0,1994-07-09,2020-12-31,NYS
CARR,,,,,,,
CAT,CAT-NYS,CATERPILLAR INC,14912310,18542.0,1986-05-22,2020-12-31,NYS
CB,CB-NYS,CHUBB LTD,H1467J10,79057.0,2016-01-15,2020-12-31,NYS
CBOE,CBOE-NAS,C B O E GLOBAL MARKETS INC,12503M10,93429.0,2018-09-17,2020-12-31,NAS
CBRE,CBRE-NYS,C B R E GROUP INC,12504L10,90199.0,2018-03-20,2020-12-31,NYS
CCI,CCI-NYS,CROWN CASTLE INTL CORP NEW,22822V10,86339.0,2014-12-16,2020-12-31,NYS
CCL,CCL-NYS,CARNIVAL CORP,14365830,75154.0,2003-04-21,2020-12-31,NYS
CDAY,CDAY-NYS,CERIDIAN H C M HOLDING INC,15677J10,17700.0,2018-04-26,2020-12-31,NYS
CDNS,CDNS-NAS,CADENCE DESIGN SYSTEMS INC,12738710,11403.0,2005-10-31,2020-12-31,NAS
CDW,CDW-NAS,C D W CORP NEW,12514G10,13949.0,2013-06-27,2020-12-31,NAS
CE,CE-NYS,CELANESE CORP DEL,15087010,90520.0,2005-01-21,2020-12-31,NYS
CERN,CERN-NAS,CERNER CORP,15678210,10909.0,1986-05-12,2020-12-31,NAS
CF,CF-NYS,C F INDUSTRIES HOLDINGS INC,12526910,90829.0,2005-11-08,2020-12-31,NYS
CFG,CFG-NYS,CITIZENS FINANCIAL GROUP INC,17461010,14889.0,2014-09-24,2020-12-31,NYS
CHD,CHD-NYS,CHURCH & DWIGHT INC,17134010,23393.0,1990-08-15,2020-12-31,NYS
CHRW,CHRW-NAS,CH ROBINSON WORLDWIDE INC,12541W20,85459.0,2005-10-17,2020-12-31,NAS
CHTR,CHTR-NAS,CHARTER COMMUNICATIONS INC NEW,16119P10,12308.0,2016-05-18,2020-12-31,NAS
CI,,,,,,,
CINF,CINF-NAS,CINCINNATI FINANCIAL CORP,17206210,23473.0,1972-12-14,2020-12-31,NAS
CL,CL-NYS,COLGATE PALMOLIVE CO,19416210,18729.0,1972-01-21,2020-12-31,NYS
CLX,CLX-NYS,CLOROX CO,18905410,46578.0,1972-01-21,2020-12-31,NYS
CMA,CMA-NYS,COMERICA INC,20034010,25081.0,1991-02-04,2020-12-31,NYS
CMCSA,CMCSA-NAS,COMCAST CORP NEW,20030N10,89525.0,2002-11-19,2020-12-31,NAS
CME,CME-NAS,C M E GROUP INC,12572Q10,89626.0,2008-07-14,2020-12-31,NAS
CMG,CMG-NYS,CHIPOTLE MEXICAN GRILL INC,16965610,91068.0,2006-01-26,2020-12-31,NYS
CMI,CMI-NYS,CUMMINS INC,23102110,41080.0,2003-10-12,2020-12-31,NYS
CMS,CMS-NYS,C M S ENERGY CORP,12589610,23229.0,1987-05-27,2020-12-31,NYS
CNC,CNC-NYS,CENTENE CORP DEL,15135B10,89269.0,2003-10-16,2020-12-31,NYS
CNP,CNP-NYS,CENTERPOINT ENERGY INC,15189T10,21792.0,2002-01-10,2020-12-31,NYS
COF,COF-NYS,CAPITAL ONE FINANCIAL CORP,14040H10,81055.0,1994-11-16,2020-12-31,NYS
COO,COO-NYS,COOPER COMPANIES INC,21664840,65541.0,1995-09-22,2020-12-31,NYS
COP,COP-NYS,CONOCOPHILLIPS,20825C10,13928.0,2002-03-09,2020-12-31,NYS
COST,COST-NAS,COSTCO WHOLESALE CORP NEW,22160K10,87055.0,1999-08-30,2020-12-31,NAS
CPB,CPB-NYS,CAMPBELL SOUP CO,13442910,25320.0,1972-01-21,2020-12-31,NYS
CPRT,CPRT-NAS,COPART INC,21720410,80320.0,1994-03-17,2020-12-31,NAS
CRL,CRL-NYS,CHARLES RIVER LABS INTL INC,15986410,88281.0,2000-06-23,2020-12-31,NYS
CRM,CRM-NYS,SALESFORCE COM INC,79466L30,90215.0,2004-06-23,2020-12-31,NYS
CSCO,CSCO-NAS,CISCO SYSTEMS INC,17275R10,76076.0,1990-02-16,2020-12-31,NAS
CSX,CSX-NAS,C S X CORP,12640810,62148.0,2015-12-22,2020-12-31,NAS
CTAS,CTAS-NAS,CINTAS CORP,17290810,23660.0,1983-08-19,2020-12-31,NAS
CTLT,CTLT-NYS,CATALENT INC,14880610,14763.0,2014-07-31,2020-12-31,NYS
CTRA,,,,,,,
CTSH,CTSH-NAS,COGNIZANT TECHNOLOGY SOLS CORP,19244610,86158.0,1998-06-19,2020-12-31,NAS
CTVA,,,,,,,
CTXS,CTXS-NAS,CITRIX SYSTEMS INC,17737610,82686.0,1995-08-12,2020-12-31,NAS
CVS,CVS-NYS,C V S HEALTH CORP,12665010,17005.0,2014-04-09,2020-12-31,NYS
CVX,CVX-NYS,CHEVRON CORP NEW,16676410,14541.0,2005-10-05,2020-12-31,NYS
CZR,CZR-NAS,CAESARS ENTERTAINMENT CORP,12768610,13267.0,2012-08-02,2020-07-20,NAS
D,D-NYS,DOMINION ENERGY INC,25746U10,64936.0,2017-11-05,2020-12-31,NYS
DAL,DAL-NYS,DELTA AIR LINES INC,24736170,91926.0,2007-03-05,2020-12-31,NYS
DD,,,,,,,
DE,DE-NYS,DEERE & CO,24419910,19350.0,1972-01-21,2020-12-31,NYS
DFS,DFS-NYS,DISCOVER FINANCIAL SERVICES,25470910,92121.0,2007-02-07,2020-12-31,NYS
DG,DG-NYS,DOLLAR GENERAL CORP NEW,25667710,93096.0,2009-11-13,2020-12-31,NYS
DGX,DGX-NYS,QUEST DIAGNOSTICS INC,74834L10,84373.0,1997-01-14,2020-12-31,NYS
DHI,DHI-NYS,D R HORTON INC,23331A10,77661.0,1995-12-14,2020-12-31,NYS
DHR,DHR-NYS,DANAHER CORP,23585110,49680.0,1984-09-26,2020-12-31,NYS
DIS,DIS-NYS,DISNEY WALT CO,25468710,26403.0,1986-06-02,2020-12-31,NYS
DISCA,DISCA-NAS,DISCOVERY INC,25470F10,90805.0,2018-02-04,2020-12-31,NAS
DISCK,DISCK-NAS,DISCOVERY INC,25470F30,92778.0,2018-02-04,2020-12-31,NAS
DISH,DISH-NAS,DISH NETWORK CORPORATION,25470M10,81696.0,2008-01-22,2020-12-31,NAS
DLR,DLR-NYS,DIGITAL REALTY TRUST INC,25386810,90373.0,2004-10-29,2020-12-31,NYS
DLTR,DLTR-NAS,DOLLAR TREE INC,25674610,81481.0,2008-03-03,2020-12-31,NAS
DOV,DOV-NYS,DOVER CORP,26000310,25953.0,1972-01-21,2020-12-31,NYS
DOW,,,,,,,
DPZ,DPZ-NYS,DOMINOS PIZZA INC,25754A20,90248.0,2004-07-13,2020-12-31,NYS
DRE,DRE-NYS,DUKE REALTY CORP,26441150,75341.0,2001-02-07,2020-12-31,NYS
DRI,DRI-NYS,DARDEN RESTAURANTS INC,23719410,81655.0,1995-05-30,2020-12-31,NYS
DTE,DTE-NYS,D T E ENERGY CO,23333110,11674.0,1996-02-01,2020-12-31,NYS
DUK,DUK-NYS,DUKE ENERGY CORP NEW,26441C20,27959.0,2012-03-07,2020-12-31,NYS
DVA,DVA-NYS,DAVITA INC,23918K10,82307.0,2016-01-09,2020-12-31,NYS
DVN,DVN-NYS,DEVON ENERGY CORP NEW,25179M10,87137.0,2004-12-10,2020-12-31,NYS
DXC,DXC-NYS,D X C TECHNOLOGY CO,23355L10,40125.0,2017-03-04,2020-12-31,NYS
DXCM,DXCM-NAS,DEXCOM INC,25213110,90664.0,2005-04-14,2020-12-31,NAS
EA,EA-NAS,ELECTRONIC ARTS INC,28551210,75828.0,2011-12-20,2020-12-31,NAS
EBAY,EBAY-NAS,EBAY INC,27864210,86356.0,1998-09-24,2020-12-31,NAS
ECL,ECL-NYS,ECOLAB INC,27886510,70578.0,1986-10-12,2020-12-31,NYS
ED,ED-NYS,CONSOLIDATED EDISON INC,20911510,11404.0,1998-02-01,2020-12-31,NYS
EFX,EFX-NYS,EQUIFAX INC,29442910,52476.0,1976-02-01,2020-12-31,NYS
EIX,EIX-NYS,EDISON INTERNATIONAL,28102010,15720.0,1996-05-02,2020-12-31,NYS
EL,EL-NYS,LAUDER ESTEE COS INC,51843910,82642.0,1995-11-17,2020-12-31,NYS
EMN,EMN-NYS,EASTMAN CHEMICAL CO,27743210,80080.0,1994-04-01,2020-12-31,NYS
EMR,EMR-NYS,EMERSON ELECTRIC CO,29101110,22103.0,1972-01-21,2020-12-31,NYS
ENPH,ENPH-NAS,ENPHASE ENERGY INC,29355A10,13323.0,2012-03-30,2020-12-31,NAS
EOG,EOG-NYS,EOG RESOURCES INC,26875P10,75825.0,1999-09-15,2020-12-31,NYS
EQIX,EQIX-NAS,EQUINIX INC,29444U70,89617.0,2015-01-26,2020-12-31,NAS
EQR,EQR-NYS,EQUITY RESIDENTIAL,29476L10,79547.0,2002-05-16,2020-12-31,NYS
ES,ES-NYS,EVERSOURCE ENERGY,30040W10,44206.0,2015-02-19,2020-12-31,NYS
ESS,ESS-NYS,ESSEX PROPERTY TRUST INC,29717810,80681.0,1994-07-06,2020-12-31,NYS
ETN,ETN-NYS,EATON CORP PLC,G2918310,11762.0,2012-03-12,2020-12-31,NYS
ETR,ETR-NYS,ENTERGY CORP NEW,29364G10,24010.0,1994-01-18,2020-12-31,NYS
ETSY,ETSY-NAS,ETSY INC,29786A10,15291.0,2015-04-16,2020-12-31,NAS
EVRG,EVRG-NYS,EVERGY INC,30034W10,24053.0,2018-05-06,2020-12-31,NYS
EW,EW-NYS,EDWARDS LIFESCIENCES CORP,2.82E+14,87657.0,2000-03-04,2020-12-31,NYS
EXC,,,,,,,
EXPD,EXPD-NAS,EXPEDITORS INTERNATIONAL WA INC,30213010,87717.0,1984-09-26,2020-12-31,NAS
EXPE,EXPE-NAS,EXPEDIA GROUP INC,30212P30,90808.0,2018-03-27,2020-12-31,NAS
EXR,EXR-NYS,EXTRA SPACE STORAGE INC,30225T10,90305.0,2004-12-08,2020-12-31,NYS
F,F-NYS,FORD MOTOR CO DEL,34537086,25785.0,2000-09-08,2020-12-31,NYS
FANG,FANG-NAS,DIAMONDBACK ENERGY INC,25278X10,13641.0,2012-12-10,2020-12-31,NAS
FAST,FAST-NAS,FASTENAL COMPANY,31190010,11618.0,1987-08-20,2020-12-31,NAS
FB,FB-NAS,FACEBOOK INC,30303M10,13407.0,2012-05-18,2020-12-31,NAS
FBHS,FBHS-NYS,FORTUNE BRANDS HOME & SECUR INC,34964C10,12981.0,2011-04-10,2020-12-31,NYS
FCX,FCX-NYS,FREEPORT MCMORAN INC,35671D85,81774.0,2014-07-14,2020-12-31,NYS
FDX,FDX-NYS,FEDEX CORP,31428X10,60628.0,2000-01-21,2020-12-31,NYS
FE,FE-NYS,FIRSTENERGY CORP,33793210,23026.0,1997-10-11,2020-12-31,NYS
FFIV,FFIV-NAS,F 5 NETWORKS INC,31561610,86964.0,1999-04-06,2020-12-31,NAS
FIS,FIS-NYS,FIDELITY NATIONAL INFO SVCS INC,31620M10,89003.0,2006-01-02,2020-12-31,NYS
FISV,FISV-NAS,FISERV INC,33773810,10696.0,1986-09-25,2020-12-31,NAS
FITB,FITB-NAS,FIFTH THIRD BANCORP,31677310,34746.0,1975-04-23,2020-12-31,NAS
FLT,FLT-NYS,FLEETCOR TECHNOLOGIES INC,33904110,12449.0,2010-12-15,2020-12-31,NYS
FMC,FMC-NYS,F M C CORP,30249130,19166.0,1986-05-29,2020-12-31,NYS
FOX,,,,,,,
FOXA,,,,,,,
FRC,FRC-NYS,FIRST REPUBLIC BANK S F NEW,33616C10,12448.0,2010-09-12,2020-12-31,NYS
FRT,FRT-NYS,FEDERAL REALTY INVESTMENT TRUST,31374720,58413.0,1984-12-17,2020-12-31,NYS
FTNT,FTNT-NAS,FORTINET INC,3.50E+14,93132.0,2009-11-18,2020-12-31,NAS
FTV,FTV-NYS,FORTIVE CORP,34959J10,16087.0,2016-05-07,2020-12-31,NYS
GD,GD-NYS,GENERAL DYNAMICS CORP,36955010,12052.0,1972-01-21,2020-12-31,NYS
GE,GE-NYS,GENERAL ELECTRIC CO,36960410,12060.0,1972-01-21,2020-12-31,NYS
GILD,GILD-NAS,GILEAD SCIENCES INC,37555810,77274.0,1992-01-22,2020-12-31,NAS
GIS,GIS-NYS,GENERAL MILLS INC,37033410,17144.0,1972-01-21,2020-12-31,NYS
GL,,,,,,,
GLW,GLW-NYS,CORNING INC,21935010,22293.0,1989-01-05,2020-12-31,NYS
GM,GM-NYS,GENERAL MOTORS CO,37045V10,12369.0,2010-11-18,2020-12-31,NYS
GNRC,GNRC-NYS,GENERAC HOLDINGS INC,36873610,93246.0,2010-11-02,2020-12-31,NYS
GOOG,GOOG-NAS,ALPHABET INC,02079K10,14542.0,2015-05-10,2020-12-31,NAS
GOOGL,GOOGL-NAS,ALPHABET INC,02079K30,90319.0,2015-05-10,2020-12-31,NAS
GPC,GPC-NYS,GENUINE PARTS CO,37246010,46674.0,1972-01-21,2020-12-31,NYS
GPN,GPN-NYS,GLOBAL PAYMENTS INC,37940X10,88873.0,2001-01-02,2020-12-31,NYS
GPS,GPS-NYS,GAP INC,36476010,59010.0,1985-03-06,2020-12-31,NYS
GRMN,GRMN-NAS,GARMIN LTD,H2906T10,88837.0,2010-06-28,2020-12-31,NAS
GS,GS-NYS,GOLDMAN SACHS GROUP INC,38141G10,86868.0,1999-04-05,2020-12-31,NYS
GWW,GWW-NYS,GRAINGER W W INC,38480210,52695.0,1975-07-29,2020-12-31,NYS
HAL,HAL-NYS,HALLIBURTON COMPANY,40621610,23819.0,1972-01-21,2020-12-31,NYS
HAS,HAS-NAS,HASBRO INC,41805610,52978.0,2010-12-21,2020-12-31,NAS
HBAN,HBAN-NAS,HUNTINGTON BANCSHARES INC,44615010,42906.0,1972-12-14,2020-12-31,NAS
HBI,HBI-NYS,HANESBRANDS INC,41034510,91416.0,2006-06-09,2020-12-31,NYS
HCA,HCA-NYS,H C A HEALTHCARE INC,40412C10,12622.0,2017-08-05,2020-12-31,NYS
HD,HD-NYS,HOME DEPOT INC,43707610,66181.0,1984-04-19,2020-12-31,NYS
HES,HES-NYS,HESS CORP,42809H10,28484.0,2006-09-05,2020-12-31,NYS
HIG,HIG-NYS,HARTFORD FINANCIAL SVCS GRP INC,41651510,82775.0,1997-05-05,2020-12-31,NYS
HII,HII-NYS,HUNTINGTON INGALLS INDS INC,44641310,12623.0,2011-03-31,2020-12-31,NYS
HLT,HLT-NYS,HILTON WORLDWIDE HOLDINGS INC,43300A20,14338.0,2017-04-01,2020-12-31,NYS
HOLX,HOLX-NAS,HOLOGIC INC,43644010,76095.0,1990-01-03,2020-12-31,NAS
HON,,,,,,,
HPE,HPE-NYS,HEWLETT PACKARD ENTERPRISE CO,42824C10,15707.0,2015-02-11,2020-12-31,NYS
HPQ,HPQ-NYS,H P INC,40434L10,27828.0,2015-02-11,2020-12-31,NYS
HRL,HRL-NYS,HORMEL FOODS CORP,44045210,32870.0,1995-02-02,2020-12-31,NYS
HSIC,HSIC-NAS,SCHEIN HENRY INC,80640710,82581.0,1995-03-11,2020-12-31,NAS
HST,,,,,,,
HSY,HSY-NYS,HERSHEY CO,42786610,16600.0,2005-04-20,2020-12-31,NYS
HUM,HUM-NYS,HUMANA INC,44485910,48653.0,1974-01-21,2020-12-31,NYS
HWM,,,,,,,
IBM,IBM-NYS,INTERNATIONAL BUSINESS MACHS CO,45920010,12490.0,1972-01-21,2020-12-31,NYS
ICE,ICE-NYS,INTERCONTINENTALEXCHANGE GRP IN,45866F10,90993.0,2013-11-13,2020-12-31,NYS
IDXX,IDXX-NAS,I D E X X LABORATORIES INC,45168D10,76709.0,1991-06-21,2020-12-31,NAS
IEX,IEX-NYS,IDEX CORP,45167R10,75591.0,1989-02-06,2020-12-31,NYS
IFF,IFF-NYS,INTERNATIONAL FLAVORS & FRAG IN,45950610,40272.0,1972-01-21,2020-12-31,NYS
ILMN,ILMN-NAS,ILLUMINA INC,45232710,88446.0,2000-07-28,2020-12-31,NAS
INCY,INCY-NAS,INCYTE CORP,45337C10,79906.0,2003-03-17,2020-12-31,NAS
INFO,,,,,,,
INTC,INTC-NAS,INTEL CORP,45814010,59328.0,1972-12-14,2020-12-31,NAS
INTU,INTU-NAS,INTUIT INC,46120210,78975.0,1993-12-03,2020-12-31,NAS
IP,IP-NYS,INTERNATIONAL PAPER CO,46014610,21573.0,1972-01-21,2020-12-31,NYS
IPG,IPG-NYS,INTERPUBLIC GROUP COS INC,46069010,53065.0,1972-01-21,2020-12-31,NYS
IPGP,IPGP-NAS,I P G PHOTONICS CORP,44980X10,91668.0,2006-12-13,2020-12-31,NAS
IQV,IQV-NYS,IQVIA HOLDINGS INC,46266C10,13911.0,2017-11-15,2020-12-31,NYS
IR,IR-NYS,INGERSOLL RAND PLC,G8994E10,12431.0,2009-01-07,2020-01-03,NYS
IRM,IRM-NYS,IRON MOUNTAIN INC NEW,46284V10,83143.0,2015-01-21,2020-12-31,NYS
ISRG,ISRG-NAS,INTUITIVE SURGICAL INC,4.61E+64,88352.0,2003-01-07,2020-12-31,NAS
IT,IT-NYS,GARTNER INC,36665110,79698.0,2001-12-02,2020-12-31,NYS
ITW,ITW-NYS,ILLINOIS TOOL WORKS INC,45230810,56573.0,1973-03-13,2020-12-31,NYS
IVZ,IVZ-NYS,INVESCO LTD,G491BT10,19583.0,2007-04-12,2020-12-31,NYS
J,JEC-NYS,JACOBS ENGINEERING GROUP INC,46981410,52329.0,2019-10-12,2020-12-31,NYS
JBHT,JBHT-NAS,HUNT J B TRANSPORT SERVICES INC,44565810,42877.0,1983-11-22,2020-12-31,NAS
JCI,JCI-NYS,JOHNSON CONTROLS INTL PLC,G5150210,45356.0,2016-06-09,2020-12-31,NYS
JKHY,JKHY-NAS,HENRY JACK & ASSOC INC,42628110,88664.0,1985-11-20,2020-12-31,NAS
JNJ,JNJ-NYS,JOHNSON & JOHNSON,47816010,22111.0,1972-01-21,2020-12-31,NYS
JNPR,JNPR-NYS,JUNIPER NETWORKS INC,48203R10,86979.0,2009-10-29,2020-12-31,NYS
JPM,JPM-NYS,JPMORGAN CHASE & CO,46625H10,47896.0,2004-07-28,2020-12-31,NYS
K,K-NYS,KELLOGG CO,48783610,26825.0,1972-01-21,2020-12-31,NYS
KEY,KEY-NYS,KEYCORP NEW,49326710,64995.0,1994-02-03,2020-12-31,NYS
KEYS,KEYS-NYS,KEYSIGHT TECHNOLOGIES INC,49338L10,14939.0,2014-03-11,2020-12-31,NYS
KHC,KHC-NAS,KRAFT HEINZ CO,50075410,15408.0,2015-06-07,2020-12-31,NAS
KIM,KIM-NYS,KIMCO REALTY CORP,49446R10,77129.0,1991-11-22,2020-12-31,NYS
KLAC,KLAC-NAS,K L A CORP,48248010,46886.0,2019-07-16,2020-12-31,NAS
KMB,KMB-NYS,KIMBERLY CLARK CORP,49436810,17750.0,1972-01-21,2020-12-31,NYS
KMI,KMI-NYS,KINDER MORGAN INC,49456B10,12558.0,2011-11-02,2020-12-31,NYS
KMX,KMX-NYS,CARMAX INC,14313010,89508.0,2002-01-10,2020-12-31,NYS
KO,KO-NYS,COCA COLA CO,19121610,11308.0,1972-01-21,2020-12-31,NYS
KR,KR-NYS,KROGER COMPANY,50104410,16678.0,1972-01-21,2020-12-31,NYS
KSU,KSU-NYS,KANSAS CITY SOUTHERN,48517030,12650.0,2002-03-05,2020-12-31,NYS
L,L-NYS,LOEWS CORP,54042410,26710.0,2008-06-23,2020-12-31,NYS
LDOS,LDOS-NYS,LEIDOS HOLDINGS INC,52532710,91547.0,2013-09-30,2020-12-31,NYS
LEG,LEG-NYS,LEGGETT & PLATT INC,52466010,60943.0,1979-06-25,2020-12-31,NYS
LEN,LEN-NYS,LENNAR CORP,52605710,52708.0,1972-11-09,2020-12-31,NYS
LEN,LEN.B-NYS,LENNAR CORP,52605730,89731.0,2003-04-15,2020-12-31,NYS
LH,LH-NYS,LABORATORY CORP AMERICA HLDGS,50540R40,12062.0,2000-04-05,2020-12-31,NYS
LHX,,,,,,,
LIN,,,,,,,
LKQ,LKQ-NAS,L K Q CORP,50188920,89866.0,2012-05-22,2020-12-31,NAS
LLY,LLY-NYS,LILLY ELI & CO,53245710,50876.0,1972-07-18,2020-12-31,NYS
LMT,LMT-NYS,LOCKHEED MARTIN CORP,53983010,21178.0,1995-03-16,2020-12-31,NYS
LNC,LNC-NYS,LINCOLN NATIONAL CORP,53418710,49015.0,1972-01-21,2020-12-31,NYS
LNT,,,,,,,
LOW,LOW-NYS,LOWES COMPANIES INC,54866110,61399.0,1979-12-19,2020-12-31,NYS
LRCX,LRCX-NAS,LAM RESH CORP,51280710,48486.0,1984-04-05,2020-12-31,NAS
LUMN,CTL-NYS,CENTURYLINK INC,15670010,60599.0,2020-09-18,2020-12-31,NYS
LUV,LUV-NYS,SOUTHWEST AIRLINES CO,84474110,58683.0,1977-06-27,2020-12-31,NYS
LVS,LVS-NYS,LAS VEGAS SANDS CORP,51783410,90505.0,2004-12-15,2020-12-31,NYS
LW,LW-NYS,LAMB WESTON HOLDINGS INC,51327210,16431.0,2016-10-11,2020-12-31,NYS
LYB,LYB-NYS,LYONDELLBASELL INDUSTRIES N V,N5374510,12345.0,2010-10-14,2020-12-31,NYS
LYV,LYV-NYS,LIVE NATION ENTERTAINMENT INC,53803410,91041.0,2010-01-27,2020-12-31,NYS
MA,MA-NYS,MASTERCARD INC,57636Q10,91233.0,2006-05-25,2020-12-31,NYS
MAA,MAA-NYS,MID AMERICA APT COMMUNITIES INC,59522J10,80183.0,1994-01-28,2020-12-31,NYS
MAR,MAR-NAS,MARRIOTT INTERNATIONAL INC NEW,57190320,85913.0,2013-10-21,2020-12-31,NAS
MAS,MAS-NYS,MASCO CORP,57459910,34032.0,1972-11-09,2020-12-31,NYS
MCD,MCD-NYS,MCDONALDS CORP,58013510,43449.0,1972-01-21,2020-12-31,NYS
MCHP,MCHP-NAS,MICROCHIP TECHNOLOGY INC,59501710,78987.0,1993-03-19,2020-12-31,NAS
MCK,MCK-NYS,MCKESSON H B O C INC,58155Q10,81061.0,1999-01-13,2020-12-31,NYS
MCO,MCO-NYS,MOODYS CORP,61536910,48506.0,2000-03-10,2020-12-31,NYS
MDLZ,MDLZ-NAS,MONDELEZ INTERNATIONAL INC,60920710,89006.0,2012-02-10,2020-12-31,NAS
MDT,MDT-NYS,MEDTRONIC PLC,G5960L10,60097.0,2015-01-27,2020-12-31,NYS
MET,MET-NYS,METLIFE INC,59156R10,87842.0,2000-05-04,2020-12-31,NYS
MGM,MGM-NYS,M G M RESORTS INTERNATIONAL,55295310,11891.0,2010-06-18,2020-12-31,NYS
MHK,MHK-NYS,MOHAWK INDUSTRIES INC,60819010,77496.0,1997-12-16,2020-12-31,NYS
MKC,MKC-NYS,MCCORMICK & CO INC,57978020,52090.0,1999-05-25,2020-12-31,NYS
MKC,MKC.V-NYS,MCCORMICK & CO INC,57978010,89155.0,2001-09-17,2020-12-31,NYS
MKTX,MKTX-NAS,MARKETAXESS HLDGS INC,57060D10,90454.0,2004-05-11,2020-12-31,NAS
MLM,MLM-NYS,MARTIN MARIETTA MATERIALS INC,57328410,80204.0,1994-02-17,2020-12-31,NYS
MMC,MMC-NYS,MARSH & MCLENNAN COS INC,57174810,45751.0,1975-05-22,2020-12-31,NYS
MMM,MMM-NYS,3M CO,88579Y10,22592.0,2002-08-04,2020-12-31,NYS
MNST,MNST-NAS,MONSTER BEVERAGE CORP NEW,61174X10,88031.0,2015-06-15,2020-12-31,NAS
MO,MO-NYS,ALTRIA GROUP INC,02209S10,13901.0,2003-01-27,2020-12-31,NYS
MOS,MOS-NYS,MOSAIC COMPANY NEW,61945C10,90386.0,2011-05-25,2020-12-31,NYS
MPC,MPC-NYS,MARATHON PETROLEUM CORP,56585A10,12872.0,2011-01-07,2020-12-31,NYS
MPWR,MPWR-NAS,MONOLITHIC PWR SYS INC,60983910,90455.0,2004-11-19,2020-12-31,NAS
MRK,MRK-NYS,MERCK & CO INC NEW,58933Y10,22752.0,2009-04-11,2020-12-31,NYS
MRNA,,,,,,,
MRO,MRO-NYS,MARATHON OIL CORP,56584910,15069.0,2002-02-01,2020-12-31,NYS
MS,MS-NYS,MORGAN STANLEY DEAN WITTER & CO,61744644,69032.0,2006-01-17,2020-12-31,NYS
MSCI,MSCI-NYS,M S C I INC,55354G10,92402.0,2010-06-07,2020-12-31,NYS
MSFT,MSFT-NAS,MICROSOFT CORP,59491810,10107.0,1986-03-13,2020-12-31,NAS
MSI,MSI-NYS,MOTOROLA SOLUTIONS INC,62007630,22779.0,2011-04-01,2020-12-31,NYS
MTB,MTB-NYS,M & T BANK CORP,55261F10,35554.0,1998-01-06,2020-12-31,NYS
MTCH,MTCH-NAS,MATCH GROUP INC,57667L10,15850.0,2015-11-19,2020-06-30,NAS
MTD,MTD-NYS,METTLER TOLEDO INTERNATIONAL IN,59268810,85621.0,1997-11-14,2020-12-31,NYS
MU,MU-NAS,MICRON TECHNOLOGY INC,59511210,53613.0,2009-12-30,2020-12-31,NAS
NCLH,NCLH-NYS,NORWEGIAN CRUISE LINE HLDGS LTD,G6672110,13760.0,2017-12-19,2020-12-31,NYS
NDAQ,NDAQ-NAS,NASDAQ INC,63110310,90601.0,2015-08-09,2020-12-31,NAS
NEE,NEE-NYS,NEXTERA ENERGY INC,65339F10,24205.0,2010-06-23,2020-12-31,NYS
NEM,NEM-NYS,NEWMONT GOLDCORP CORP,65163910,21207.0,2019-04-18,2020-08-01,NYS
NEM,NEM-NYS,NEWMONT CORP,65163910,21207.0,2020-09-01,2020-12-31,NYS
NFLX,NFLX-NAS,NETFLIX INC,64110L10,89393.0,2002-05-23,2020-12-31,NAS
NI,NI-NYS,NISOURCE INC,65473P10,38762.0,1999-04-15,2020-12-31,NYS
NKE,NKE-NYS,NIKE INC,65410610,57665.0,1990-10-17,2020-12-31,NYS
NLOK,,,,,,,
NLSN,NLSN-NYS,NIELSEN HOLDINGS PLC,G6518L10,12542.0,2015-08-31,2020-12-31,NYS
NOC,NOC-NYS,NORTHROP GRUMMAN CORP,66680710,24766.0,1994-05-19,2020-12-31,NYS
NOW,NOW-NYS,SERVICENOW INC,81762P10,13447.0,2012-06-29,2020-12-31,NYS
NRG,NRG-NYS,N R G ENERGY INC,62937750,90071.0,2004-03-25,2020-12-31,NYS
NSC,NSC-NYS,NORFOLK SOUTHERN CORP,65584410,64311.0,1982-06-25,2020-12-31,NYS
NTAP,NTAP-NAS,NETAPP INC,64110D10,82598.0,2008-03-26,2020-12-31,NAS
NTRS,NTRS-NAS,NORTHERN TRUST CORP,66585910,58246.0,1978-03-15,2020-12-31,NAS
NUE,NUE-NYS,NUCOR CORP,67034610,34817.0,1972-12-07,2020-12-31,NYS
NVDA,NVDA-NAS,NVIDIA CORP,67066G10,86580.0,1999-01-22,2020-12-31,NAS
NVR,NVR-NYS,N V R INC,62944T10,79785.0,2008-02-01,2020-12-31,NYS
NWL,,,,,,,
NWS,NWS-NAS,NEWS CORP NEW,65249B20,13964.0,2013-01-07,2020-12-31,NAS
NWSA,NWSA-NAS,NEWS CORP NEW,65249B10,13963.0,2013-01-07,2020-12-31,NAS
NXPI,NXPI-NAS,N X P SEMICONDUCTORS N V,N6596X10,12084.0,2010-06-08,2020-12-31,NAS
O,O-NYS,REALTY INCOME CORP,75610910,81045.0,1994-10-18,2020-12-31,NYS
ODFL,ODFL-NAS,OLD DOMINION FREIGHT LINE INC,67958010,77037.0,1991-10-24,2020-12-31,NAS
OGN,,,,,,,
OKE,OKE-NYS,ONEOK INC NEW,68268010,25232.0,1997-11-28,2020-12-31,NYS
OMC,OMC-NYS,OMNICOM GROUP INC,68191910,30681.0,1990-06-27,2020-12-31,NYS
ORCL,ORCL-NYS,ORACLE CORP,68389X10,10104.0,2013-07-15,2020-12-31,NYS
ORLY,ORLY-NAS,O REILLY AUTOMOTIVE INC NEW,67103H10,79103.0,2010-12-30,2020-12-31,NAS
OTIS,,,,,,,
OXY,OXY-NYS,OCCIDENTAL PETROLEUM CORP,67459910,34833.0,1972-01-21,2020-12-31,NYS
PAYC,PAYC-NYS,PAYCOM SOFTWARE INC,70432V10,14579.0,2014-04-15,2020-12-31,NYS
PAYX,PAYX-NAS,PAYCHEX INC,70432610,61621.0,1983-08-26,2020-12-31,NAS
PBCT,PBCT-NAS,PEOPLES UNITED FINANCIAL INC,71270410,12073.0,2007-04-16,2020-12-31,NAS
PCAR,PCAR-NAS,PACCAR INC,69371810,60506.0,1972-12-14,2020-12-31,NAS
PEAK,,,,,,,
PEG,PEG-NYS,PUBLIC SERVICE ENTERPRISE GP IN,74457310,23712.0,1986-01-05,2020-12-31,NYS
PENN,PENN-NAS,PENN NATIONAL GAMING INC,70756910,80563.0,1994-05-26,2020-12-31,NAS
PEP,PEP-NAS,PEPSICO INC,71344810,13856.0,2017-12-20,2020-12-31,NAS
PFE,PFE-NYS,PFIZER INC,71708110,21936.0,1972-01-21,2020-12-31,NYS
PFG,PFG-NAS,PRINCIPAL FINANCIAL GROUP INC,74251V10,89195.0,2017-12-18,2020-12-31,NAS
PG,PG-NYS,PROCTER & GAMBLE CO,74271810,18163.0,1972-01-21,2020-12-31,NYS
PGR,PGR-NYS,PROGRESSIVE CORP OH,74331510,64390.0,1987-01-06,2020-12-31,NYS
PH,PH-NYS,PARKER HANNIFIN CORP,70109410,41355.0,1972-01-21,2020-12-31,NYS
PHM,PHM-NYS,PULTE GROUP INC,74586710,54148.0,2010-03-22,2020-12-31,NYS
PKG,PKG-NYS,PACKAGING CORP AMERICA,69515610,87541.0,2000-01-28,2020-12-31,NYS
PKI,PKI-NYS,PERKINELMER INC,71404610,42200.0,1999-10-26,2020-12-31,NYS
PLD,PLD-NYS,PROLOGIS INC,74340W10,85592.0,2011-03-06,2020-12-31,NYS
PM,PM-NYS,PHILIP MORRIS INTERNATIONAL INC,71817210,92602.0,2008-03-31,2020-12-31,NYS
PNC,PNC-NYS,P N C FINANCIAL SERVICES GRP IN,69347510,60442.0,2000-03-15,2020-12-31,NYS
PNR,PNR-NYS,PENTAIR PLC,G7S00T10,13586.0,2014-03-06,2020-12-31,NYS
PNW,PNW-NYS,PINNACLE WEST CAPITAL CORP,72348410,27991.0,1987-04-27,2020-12-31,NYS
POOL,POOL-NAS,POOL CORP,73278L10,82515.0,2006-05-17,2020-12-31,NAS
PPG,PPG-NYS,P P G INDUSTRIES INC,69350610,22509.0,1972-01-21,2020-12-31,NYS
PPL,PPL-NYS,P P L CORP,69351T10,22517.0,2000-02-15,2020-12-31,NYS
PRU,PRU-NYS,PRUDENTIAL FINANCIAL INC,74432010,89258.0,2001-12-13,2020-12-31,NYS
PSA,PSA-NYS,PUBLIC STORAGE,74460D10,64653.0,2007-04-06,2020-12-31,NYS
PSX,PSX-NYS,PHILLIPS 66,71854610,13356.0,2012-01-05,2020-12-31,NYS
PTC,PTC-NAS,P T C INC,69370C10,75912.0,2013-03-12,2020-12-31,NAS
PVH,PVH-NYS,P V H CORP,69365610,13936.0,2011-07-14,2020-12-31,NYS
PWR,PWR-NYS,QUANTA SERVICES INC,7.48E+14,85792.0,1998-12-02,2020-12-31,NYS
PXD,PXD-NYS,PIONEER NATURAL RESOURCES CO,72378710,75241.0,1997-07-08,2020-12-31,NYS
PYPL,PYPL-NAS,PAYPAL HOLDINGS INC,70450Y10,15488.0,2015-07-20,2020-12-31,NAS
QCOM,QCOM-NAS,QUALCOMM INC,74752510,77178.0,1991-12-13,2020-12-31,NAS
QRVO,QRVO-NAS,QORVO INC,74736K10,85035.0,2015-02-01,2020-12-31,NAS
RCL,RCL-NYS,ROYAL CARIBBEAN CRUISES LTD,V7780T10,79145.0,1993-04-28,2020-12-31,NYS
RE,RE-NYS,EVEREST RE GROUP LTD,G3223R10,82303.0,2000-01-03,2020-12-31,NYS
REG,,,,,,,
REGN,REGN-NAS,REGENERON PHARMACEUTICALS INC,75886F10,76614.0,1991-02-04,2020-12-31,NAS
RF,RF-NYS,REGIONS FINANCIAL CORP NEW,7591EP10,35044.0,2004-01-07,2020-12-31,NYS
RHI,RHI-NYS,ROBERT HALF INTERNATIONAL INC,77032310,52230.0,1990-01-22,2020-12-31,NYS
RJF,RJF-NYS,RAYMOND JAMES FINANCIAL INC,75473010,69649.0,1987-02-03,2020-12-31,NYS
RL,RL-NYS,RALPH LAUREN CORP,75121210,85072.0,2011-08-16,2020-12-31,NYS
RMD,RMD-NYS,RESMED INC,76115210,81736.0,1999-09-30,2020-12-31,NYS
ROK,ROK-NYS,ROCKWELL AUTOMATION INC,77390310,84381.0,2002-02-26,2020-12-31,NYS
ROL,ROL-NYS,ROLLINS INC,77571110,36003.0,1972-01-21,2020-12-31,NYS
ROP,ROP-NYS,ROPER TECHNOLOGIES INC,77669610,77338.0,2015-04-29,2020-12-31,NYS
ROST,ROST-NAS,ROSS STORES INC,77829610,91556.0,1985-08-08,2020-12-31,NAS
RSG,RSG-NYS,REPUBLIC SERVICES INC,76075910,86228.0,1998-01-07,2020-12-31,NYS
RTX,,,,,,,
SBAC,SBAC-NAS,S B A COMMUNICATIONS CORP NEW,78410G10,86996.0,2017-01-17,2020-12-31,NAS
SBUX,SBUX-NAS,STARBUCKS CORP,85524410,77702.0,1992-06-26,2020-12-31,NAS
SCHW,SCHW-NYS,SCHWAB CHARLES CORP NEW,80851310,75186.0,2010-05-03,2020-12-31,NYS
SEE,SEE-NYS,SEALED AIR CORP NEW,81211K10,85926.0,1998-08-04,2020-12-31,NYS
SHW,SHW-NYS,SHERWIN WILLIAMS CO,82434810,36468.0,1972-01-21,2020-12-31,NYS
SIVB,SIVB-NAS,S V B FINANCIAL GROUP,78486Q10,11786.0,2005-05-31,2020-12-31,NAS
SJM,SJM-NYS,SMUCKER J M CO,83269640,42585.0,2002-03-06,2020-12-31,NYS
SLB,SLB-NYS,SCHLUMBERGER LTD,80685710,14277.0,1972-01-21,2020-12-31,NYS
SNA,SNA-NYS,SNAP ON INC,83303410,60206.0,1994-09-05,2020-12-31,NYS
SNPS,SNPS-NAS,SYNOPSYS INC,87160710,77357.0,1992-02-26,2020-12-31,NAS
SO,SO-NYS,SOUTHERN CO,84258710,18411.0,1972-01-21,2020-12-31,NYS
SPG,SPG-NYS,SIMON PROPERTY GROUP INC NEW,82880610,80100.0,1998-09-25,2020-12-31,NYS
SPGI,SPGI-NYS,S & P GLOBAL INC,78409V10,17478.0,2016-04-28,2020-12-31,NYS
SRE,SRE-NYS,SEMPRA ENERGY,81685110,86136.0,1998-06-29,2020-12-31,NYS
STE,,,,,,,
STT,STT-NYS,STATE STREET CORP,85747710,72726.0,1997-04-17,2020-12-31,NYS
STX,STX-NAS,SEAGATE TECHNOLOGY PLC,G7945M10,89641.0,2010-06-07,2020-12-31,NAS
STZ,STZ.B-NYS,CONSTELLATION BRANDS INC,21036P20,64899.0,2000-09-20,2020-12-31,NYS
STZ,STZ-NYS,CONSTELLATION BRANDS INC,21036P10,69796.0,2000-09-20,2020-12-31,NYS
SWK,SWK-NYS,STANLEY BLACK & DECKER INC,85450210,43350.0,2010-03-15,2020-12-31,NYS
SWKS,SWKS-NAS,SKYWORKS SOLUTIONS INC,83088M10,45911.0,2002-06-26,2020-12-31,NAS
SYF,SYF-NYS,SYNCHRONY FINANCIAL,87165B10,14776.0,2014-07-31,2020-12-31,NYS
SYK,SYK-NYS,STRYKER CORP,86366710,73139.0,1997-07-24,2020-12-31,NYS
SYY,SYY-NYS,SYSCO CORP,87182910,52038.0,1981-01-20,2020-12-31,NYS
T,T-NYS,A T & T INC,00206R10,66093.0,2005-01-12,2020-12-31,NYS
TAP,TAP-NYS,MOLSON COORS BEVERAGE CO,60871R20,59248.0,2020-02-01,2020-12-31,NYS
TAP,TAP.A-NYS,MOLSON COORS BEVERAGE CO,60871R10,90562.0,2020-02-01,2020-12-31,NYS
TDG,TDG-NYS,TRANSDIGM GROUP INC,89364110,91152.0,2006-03-15,2020-12-31,NYS
TDY,TDY-NYS,TELEDYNE TECHNOLOGIES,87936010,87445.0,1999-11-30,2020-12-31,NYS
TECH,TECH-NAS,BIO TECHNE CORP,09073M10,75694.0,2014-04-11,2020-12-31,NAS
TEL,TEL-NYS,T E CONNECTIVITY LTD,H8498910,92157.0,2011-03-17,2020-12-31,NYS
TER,,,,,,,
TFC,,,,,,,
TFX,TFX-NYS,TELEFLEX INC,87936910,44329.0,1994-04-28,2020-12-31,NYS
TGT,TGT-NYS,TARGET CORP,8.76E+14,49154.0,2000-01-31,2020-12-31,NYS
TJX,TJX-NYS,T J X COMPANIES INC NEW,87254010,40539.0,1989-06-21,2020-12-31,NYS
TMO,TMO-NYS,THERMO FISHER SCIENTIFIC INC,88355610,62092.0,2006-10-11,2020-12-31,NYS
TMUS,TMUS-NAS,T MOBILE U S INC,87259010,91937.0,2015-10-27,2020-12-31,NAS
TPR,TPR-NYS,TAPESTRY INC,87603010,88661.0,2017-10-31,2020-12-31,NYS
TRMB,TRMB-NAS,TRIMBLE INC,89623910,76230.0,2016-03-10,2020-12-31,NAS
TROW,TROW-NAS,T ROWE PRICE GROUP INC,74144T10,10138.0,2000-12-29,2020-12-31,NAS
TRV,TRV-NYS,TRAVELERS COMPANIES INC,8.94E+14,59459.0,2007-02-27,2020-12-31,NYS
TSCO,TSCO-NAS,TRACTOR SUPPLY CO NEW,89235610,80286.0,1994-02-18,2020-12-31,NAS
TSLA,TSLA-NAS,TESLA INC,88160R10,93436.0,2017-02-02,2020-12-31,NAS
TSN,TSN-NYS,TYSON FOODS INC,90249410,77730.0,1997-10-17,2020-12-31,NYS
TT,,,,,,,
TTWO,TTWO-NAS,TAKE TWO INTERACTIVE SOFTWR INC,87405410,84761.0,2002-02-15,2020-12-31,NAS
TWTR,TWTR-NYS,TWITTER INC,90184L10,14295.0,2013-07-11,2020-12-31,NYS
TXN,TXN-NAS,TEXAS INSTRUMENTS INC,88250810,15579.0,2012-03-01,2020-12-31,NAS
TXT,TXT-NYS,TEXTRON INC,88320310,23579.0,1972-01-21,2020-12-31,NYS
TYL,TYL-NYS,TYLER TECHNOLOGIES INC,90225210,76185.0,1999-05-20,2020-12-31,NYS
UA,UA-NYS,UNDER ARMOUR INC,90431120,15980.0,2016-08-04,2020-12-31,NYS
UAA,UAA-NYS,UNDER ARMOUR INC,90431110,90979.0,2016-07-12,2020-12-31,NYS
UAL,,,,,,,
UDR,UDR-NYS,U D R INC,90265310,59300.0,2007-03-15,2020-12-31,NYS
UHS,UHS-NYS,UNIVERSAL HEALTH SERVICES INC,91390310,79637.0,1991-07-06,2020-12-31,NYS
ULTA,ULTA-NAS,ULTA BEAUTY INC,90384S30,92322.0,2017-01-30,2020-12-31,NAS
UNH,UNH-NYS,UNITEDHEALTH GROUP INC,91324P10,92655.0,2000-04-27,2020-12-31,NYS
UNP,UNP-NYS,UNION PACIFIC CORP,90781810,48725.0,1972-01-21,2020-12-31,NYS
UPS,UPS-NYS,UNITED PARCEL SERVICE INC,91131210,87447.0,1999-10-11,2020-12-31,NYS
URI,URI-NYS,UNITED RENTALS INC,91136310,85663.0,1997-12-18,2020-12-31,NYS
USB,USB-NYS,U S BANCORP DEL,90297330,66157.0,2001-02-27,2020-12-31,NYS
V,V-NYS,VISA INC,92826C83,92611.0,2008-03-19,2020-12-31,NYS
VFC,VFC-NYS,V F CORP,91820410,43553.0,1972-01-21,2020-12-31,NYS
VIAC,,,,,,,
VLO,VLO-NYS,VALERO ENERGY CORP NEW,91913Y10,85269.0,1997-12-08,2020-12-31,NYS
VMC,VMC-NYS,VULCAN MATERIALS CO,92916010,15202.0,1972-01-21,2020-12-31,NYS
VNO,VNO-NYS,VORNADO REALTY TRUST,92904210,28388.0,1993-07-05,2020-12-31,NYS
VRSK,VRSK-NAS,VERISK ANALYTICS INC,92345Y10,93089.0,2009-07-10,2020-12-31,NAS
VRSN,VRSN-NAS,VERISIGN INC,9.23E+14,85753.0,1998-01-30,2020-12-31,NAS
VRTX,VRTX-NAS,VERTEX PHARMACEUTICALS INC,92532F10,76744.0,1991-07-24,2020-12-31,NAS
VTR,VTR-NYS,VENTAS INC,92276F10,75819.0,1998-01-05,2020-12-31,NYS
VTRS,,,,,,,
VZ,VZ-NYS,VERIZON COMMUNICATIONS INC,92343V10,65875.0,2000-03-07,2020-12-31,NYS
WAB,WAB-NYS,WABTEC CORP,92974010,81677.0,2000-02-05,2020-12-31,NYS
WAT,WAT-NYS,WATERS CORP,94184810,82651.0,1995-11-17,2020-12-31,NYS
WBA,WBA-NAS,WALGREENS BOOTS ALLIANCE INC,93142710,19502.0,2014-12-31,2020-12-31,NAS
WDC,WDC-NAS,WESTERN DIGITAL CORP,95810210,66384.0,2012-01-06,2020-12-31,NAS
WEC,WEC-NYS,W E C ENERGY GROUP INC,92939U10,23536.0,2015-06-30,2020-12-31,NYS
WELL,,,,,,,
WFC,WFC-NYS,WELLS FARGO & CO NEW,94974610,38703.0,1998-03-11,2020-12-31,NYS
WHR,WHR-NYS,WHIRLPOOL CORP,96332010,25419.0,1972-01-21,2020-12-31,NYS
WLTW,WLTW-NAS,WILLIS TOWERS WATSON PUB LTD CO,G9662910,89017.0,2016-05-01,2020-12-31,NAS
WM,WM-NYS,WASTE MANAGEMENT INC DEL,94106L10,11955.0,2009-05-08,2020-12-31,NYS
WMB,WMB-NYS,WILLIAMS COS,96945710,38156.0,1972-01-21,2020-12-31,NYS
WMT,WMT-NYS,WALMART INC,93114210,55976.0,2018-01-02,2020-12-31,NYS
WRB,WRB-NYS,BERKLEY W R CORP,8442310,17743.0,2008-04-15,2020-12-31,NYS
WRK,WRK-NYS,WESTROCK CO,96145D10,21186.0,2019-01-03,2020-12-31,NYS
WST,WST-NYS,WEST PHARMACEUTICAL SERVICES IN,95530610,62498.0,1999-12-02,2020-12-31,NYS
WU,WU-NYS,WESTERN UNION CO,95980210,91461.0,2006-02-10,2020-12-31,NYS
WY,WY-NYS,WEYERHAEUSER CO,96216610,39917.0,1972-01-21,2020-12-31,NYS
WYNN,WYNN-NAS,WYNN RESORTS LTD,98313410,89533.0,2002-10-25,2020-12-31,NAS
XEL,XEL-NAS,X C E L ENERGY INC,98389B10,23931.0,2018-02-01,2020-12-31,NAS
XLNX,XLNX-NAS,XILINX INC,98391910,76201.0,1990-12-06,2020-12-31,NAS
XOM,XOM-NYS,EXXON MOBIL CORP,30231G10,11850.0,1999-01-12,2020-12-31,NYS
XRAY,XRAY-NAS,DENTSPLY SIRONA INC,24906P10,11600.0,2016-01-03,2020-12-31,NAS
XYL,XYL-NYS,XYLEM INC,98419M10,13035.0,2011-01-11,2020-12-31,NYS
YUM,YUM-NYS,YUM BRANDS INC,98849810,85348.0,2002-05-17,2020-12-31,NYS
ZBH,ZBH-NYS,ZIMMER BIOMET HOLDINGS INC,98956P10,89070.0,2015-06-29,2020-12-31,NYS
ZBRA,ZBRA-NAS,ZEBRA TECHNOLOGIES CORP,98920710,76795.0,1991-08-15,2020-12-31,NAS
ZION,ZION-NAS,ZIONS BANCORPORATION N A,98970110,84129.0,2018-01-10,2020-12-31,NAS
ZTS,ZTS-NYS,ZOETIS INC,98978V10,13788.0,2013-01-02,2020-12-31,NYS
